title,first_name,middle_names,last_name,suffix,occupation,nationality,email,address
3,Yolande,,Hartless,III,Account Coordinator,CN,khartless0@weather.com,51
1,Marmaduke,,Zywicki,Sr,Staff Scientist,VE,mzywicki1@omniture.com,49
3,Jaimie,Dallas,Fison,III,Technical Writer,CO,dfison2@gravatar.com,21
0,Finn,Coriss,Astlett,IV,Recruiter,CA,castlett3@1688.com,37
2,Robinet,,Crichten,III,Data Coordinator,CN,scrichten4@yelp.com,78
1,Evonne,Granger,Benns,III,Geologist I,CN,gbenns5@google.es,34
0,Tildi,Bennie,Jannequin,III,Quality Engineer,SN,bjannequin6@jalbum.net,63
2,Sonni,Ilse,Walkden,IV,Research Associate,NG,iwalkden7@independent.co.uk,54
2,Benjy,,Archbould,II,Administrative Assistant III,CN,carchbould8@linkedin.com,52
0,Demeter,Louisette,Richens,III,Graphic Designer,CN,lrichens9@auda.org.au,20
1,Ruthanne,Desi,Swett,Jr,Human Resources Assistant III,JP,dswetta@google.es,53
3,Samson,Sauveur,Yeiles,III,Assistant Professor,CN,syeilesb@acquirethisname.com,31
0,Jaimie,Gussy,Griffitts,Sr,Administrative Officer,BR,ggriffittsc@macromedia.com,77
3,Rolfe,Troy,Ridulfo,IV,Speech Pathologist,ID,tridulfod@opera.com,75
3,Davita,,Duding,III,Executive Secretary,CN,cdudinge@samsung.com,37
1,Felix,Nerita,Leach,Jr,Social Worker,MN,nleachf@narod.ru,54
2,Trixi,Levi,Braznell,Sr,Accounting Assistant II,FR,lbraznellg@princeton.edu,5
0,Demetria,Herc,Vasiljevic,Sr,Engineer III,BR,hvasiljevich@ucla.edu,75
3,Lucita,,Klemke,IV,Staff Accountant IV,TH,lklemkei@cafepress.com,56
1,Robina,Addi,Denley,II,Actuary,RU,adenleyj@drupal.org,7
0,Brunhilde,,Cottie,IV,GIS Technical Architect,BT,scottiek@ted.com,63
2,Weidar,Hortensia,Dibley,III,Software Test Engineer I,JP,hdibleyl@sina.com.cn,15
3,Feliks,Gates,Roderham,IV,VP Quality Control,PL,groderhamm@dagondesign.com,63
1,Brady,,Macilhench,II,Environmental Tech,BR,amacilhenchn@hostgator.com,92
3,Lorilyn,Lance,Burnet,III,Chemical Engineer,CN,lburneto@deviantart.com,5
3,Fulvia,Phil,Shallcross,II,Recruiting Manager,DK,pshallcrossp@cpanel.net,4
1,Koral,Harmon,Heatley,IV,Programmer Analyst I,CN,hheatleyq@mapy.cz,47
0,Zoe,,Ramard,Jr,Professor,KM,gramardr@salon.com,23
1,Linnea,,Whebell,III,Database Administrator I,CO,twhebells@ihg.com,88
2,Tiertza,Marje,Knightsbridge,II,Compensation Analyst,CA,mknightsbridget@whitehouse.gov,44
3,Kipp,,Jephcott,Jr,Computer Systems Analyst III,RU,ejephcottu@naver.com,75
1,Benny,Hurlee,Zohrer,Jr,Environmental Specialist,CO,hzohrerv@webs.com,38
0,Bernadina,Muhammad,Van der Mark,II,Programmer Analyst I,AF,mvandermarkw@china.com.cn,13
3,Roxy,Ike,Hoogendorp,Sr,Graphic Designer,ID,ihoogendorpx@amazon.co.jp,11
0,Phyllys,Raquel,Climo,Sr,Staff Scientist,CN,rclimoy@google.de,79
1,Nickolaus,Hyacinthe,Gilchrist,Jr,Nuclear Power Engineer,CN,hgilchristz@usnews.com,17
3,Francklin,Grannie,Rookes,Sr,Tax Accountant,PL,grookes10@aboutads.info,46
0,Lucy,Bette-ann,Curnow,IV,Environmental Tech,EG,bcurnow11@moonfruit.com,83
1,Udell,Clare,Menhenitt,IV,Desktop Support Technician,TH,cmenhenitt12@auda.org.au,46
2,Tadd,Tobit,Coppock.,III,Staff Scientist,MN,tcoppock13@nih.gov,59
3,Debra,Katrinka,Lambden,II,Computer Systems Analyst IV,CN,klambden14@paginegialle.it,41
2,Shanon,,Kenford,Sr,Director of Sales,ID,dkenford15@tinyurl.com,28
0,Amii,Phillipp,Kraft,III,Geologist I,CO,pkraft16@ocn.ne.jp,85
2,Leigha,Marcie,Cummins,Sr,Office Assistant IV,PH,mcummins17@tinyurl.com,17
0,Janna,Cecily,Byne,III,Teacher,SA,cbyne18@mail.ru,85
1,Hermina,Fidole,O'Dee,Jr,Staff Accountant I,CN,fodee19@harvard.edu,5
0,Frederich,Gillan,Lamport,Sr,Director of Sales,CN,glamport1a@jalbum.net,88
3,Katrinka,,Kay,IV,Safety Technician III,CN,rkay1b@businessweek.com,32
2,Allister,,Castanho,III,Account Coordinator,CN,lcastanho1c@scribd.com,54
2,Nichols,,Claybourne,II,Analyst Programmer,AR,vclaybourne1d@telegraph.co.uk,6
2,Winne,Adella,Armsden,II,Mechanical Systems Engineer,CN,aarmsden1e@abc.net.au,9
0,Walker,Donovan,Stuart,Sr,Teacher,JP,dstuart1f@amazonaws.com,82
0,Mannie,Reinaldo,Fermin,Jr,Electrical Engineer,ID,rfermin1g@spotify.com,33
0,Ichabod,,Paliser,III,Research Associate,CN,gpaliser1h@typepad.com,56
2,Lois,,Huortic,III,VP Product Management,UA,lhuortic1i@noaa.gov,84
2,Vin,Tomas,Iacomelli,Sr,Engineer I,CN,tiacomelli1j@google.pl,94
2,Kaja,Cam,Kwietek,Sr,Account Representative II,CN,ckwietek1k@gnu.org,44
1,Hilly,Ginger,Dimont,Jr,Director of Sales,RU,gdimont1l@list-manage.com,40
1,Edvard,,Avon,Jr,Librarian,CN,lavon1m@yahoo.co.jp,83
3,Allyn,Aundrea,Bodicum,Sr,Recruiting Manager,ID,abodicum1n@bbb.org,92
1,Rosabel,Janenna,Dorey,Jr,Help Desk Operator,FR,jdorey1o@aol.com,88
0,Carmel,Wilmar,Leere,Sr,Data Coordinator,CN,wleere1p@canalblog.com,6
3,Harwell,Anthea,Hiorn,III,Assistant Media Planner,SE,ahiorn1q@ed.gov,21
3,Bayard,Kaila,Rubinek,IV,Associate Professor,HN,krubinek1r@dedecms.com,66
0,Lolita,Erroll,Ceaplen,IV,Clinical Specialist,ID,eceaplen1s@smh.com.au,18
0,Claudie,Emelyne,Gymlett,Jr,Web Designer IV,TG,egymlett1t@bing.com,71
2,Kasper,Camila,Alderson,Jr,Community Outreach Specialist,FR,calderson1u@reuters.com,67
1,Loni,Kiri,Annets,Jr,Structural Analysis Engineer,KE,kannets1v@dedecms.com,47
1,Ebba,,Farnell,IV,Professor,GR,bfarnell1w@tripadvisor.com,21
3,Gisele,Red,Kitchenham,II,Account Representative III,PT,rkitchenham1x@adobe.com,2
3,Issy,Wylma,Silwood,Jr,Senior Editor,PL,wsilwood1y@clickbank.net,2
1,Winnie,Elfreda,Ranstead,III,Assistant Manager,CN,eranstead1z@ucoz.ru,5
2,Waldo,,Rosberg,III,Budget/Accounting Analyst III,NG,nrosberg20@edublogs.org,31
3,Latisha,Ralf,Hugonneau,Sr,Senior Quality Engineer,CN,rhugonneau21@gizmodo.com,36
0,Margeaux,Micki,Arpin,IV,Junior Executive,MH,marpin22@lycos.com,85
3,Mamie,Carlen,Clausner,II,Geologist I,SE,cclausner23@time.com,37
0,Mead,,Endersby,II,Quality Engineer,CN,lendersby24@theatlantic.com,30
1,Saxon,Prudy,Btham,Jr,Community Outreach Specialist,PE,pbtham25@unblog.fr,50
2,Roseanne,Linda,Jacks,III,Senior Quality Engineer,RU,ljacks26@vimeo.com,90
0,Karalee,Christoforo,Gianelli,III,Database Administrator IV,LY,cgianelli27@google.ru,66
1,Sally,Quent,Barrowcliff,II,Media Manager IV,UA,qbarrowcliff28@ucoz.com,99
3,Haywood,,Blade,II,Programmer I,BR,pblade29@histats.com,81
3,Lucille,,Utting,III,Project Manager,ID,rutting2a@cdc.gov,30
0,Sloan,,Blandamere,Jr,Programmer IV,CN,gblandamere2b@t.co,23
1,Baxie,Babara,Baskeyfied,Jr,Data Coordinator,GB,bbaskeyfied2c@cnet.com,43
0,Corbett,Adan,Leith,III,Research Assistant II,UA,aleith2d@shinystat.com,8
0,Marietta,Mitchel,Vibert,Jr,Speech Pathologist,PT,mvibert2e@shinystat.com,95
2,Oby,Gloriana,Skade,Jr,Safety Technician I,RU,gskade2f@soup.io,25
1,Faye,Rollie,Szapiro,III,Administrative Assistant I,CN,rszapiro2g@columbia.edu,44
0,Cahra,,Shilburne,Jr,Statistician II,RU,fshilburne2h@answers.com,63
0,Ruttger,Sapphire,Passby,Sr,Financial Analyst,PE,spassby2i@cnet.com,5
0,Sebastiano,,Thaxter,II,Librarian,GR,mthaxter2j@webmd.com,82
1,Mabelle,Doug,Shieber,III,Food Chemist,JP,dshieber2k@answers.com,41
2,Brandi,,Oldfield-Cherry,III,Design Engineer,TZ,joldfieldcherry2l@163.com,18
0,Francene,,Curneen,II,Design Engineer,CN,mcurneen2m@mlb.com,100
1,Clem,Finn,Mulqueeny,III,Pharmacist,US,fmulqueeny2n@soundcloud.com,11
1,Susy,Yardley,Toolan,Sr,Sales Representative,BR,ytoolan2o@jugem.jp,47
2,Beverie,Ben,Vizard,III,Structural Analysis Engineer,CN,bvizard2p@wikimedia.org,39
1,Gerladina,Ethelred,Gilardi,III,Community Outreach Specialist,UA,egilardi2q@qq.com,91
2,Waverley,Alida,Jost,II,Internal Auditor,ID,ajost2r@feedburner.com,67
